<?xml version="1.0" encoding="UTF-8" standalone="no"?>
<students>
    <student>
        <name>StudName01</name>
        <surname>StudSurname01</surname>
        <emails>
            <email>email011@server.com</email>
            <email>email012@server.com</email>
        </emails>
        <age>11</age>
    </student>
    <student>
        <name>StudName02</name>
        <surname>StudSurname02</surname>
        <emails>
            <email>email021@server.com</email>
        </emails>
        <age>12</age>
    </student>
    <student>
        <name>StudName03</name>
        <surname>StudSurname03</surname>
        <emails>
            <email>email031@server.com</email>
        </emails>
        <age>13</age>
    </student>
    <student>
        <name>StudName04</name>
        <surname>StudSurname04</surname>
        <emails>
            <email>email041@server.com</email>
        </emails>
        <age>14</age>
    </student>
</students>