<?xml version="1.0" encoding="UTF-8"?>
<project-private xmlns="http://www.netbeans.org/ns/project-private/1">
    <editor-bookmarks xmlns="http://www.netbeans.org/ns/editor-bookmarks/2" lastBookmarkId="0"/>
    <open-files xmlns="http://www.netbeans.org/ns/projectui-open-files/2">
        <group>
            <file>file:/home/dax/xmldomschool/src/cat/proven/xmldomschool/SchoolMenu.java</file>
            <file>file:/home/dax/xmldomschool/src/cat/proven/util/menu/Option.java</file>
            <file>file:/home/dax/xmldomschool/src/cat/proven/util/menu/Menu.java</file>
            <file>file:/home/dax/xmldomschool/src/cat/proven/xmldomschool/model/persist/XmlDomStudentsPersist.java</file>
            <file>file:/home/dax/xmldomschool/src/cat/proven/xmldomschool/model/Student.java</file>
            <file>file:/home/dax/xmldomschool/files/school.xml</file>
            <file>file:/home/dax/xmldomschool/src/cat/proven/xmldomschool/model/persist/XmlDomSchoolPersist.java</file>
            <file>file:/home/dax/xmldomschool/src/cat/proven/xmldomschool/model/School.java</file>
            <file>file:/home/dax/xmldomschool/src/cat/proven/xmldomschool/SchoolMain.java</file>
            <file>file:/home/dax/xmldomschool/files/students.xml</file>
            <file>file:/home/dax/xmldomschool/src/cat/proven/xmldomschool/model/Group.java</file>
        </group>
    </open-files>
</project-private>
